{"cameraMode":{"drawMode":0,"name":"Shaded","section":"Shading Mode"},"sceneLighting":false,"audioPlay":false,"sceneViewState":{"m_AlwaysRefresh":false,"showFog":true,"showSkybox":false,"showFlares":true,"showImageEffects":true,"showParticleSystems":true,"showVisualEffectGraphs":true,"m_FxEnabled":true},"in2DMode":false,"pivot":{"x":-0.015718460083007814,"y":378.9878234863281,"z":-0.0018800199031829835},"rotation":{"x":0.2500883638858795,"y":-0.16982755064964295,"z":0.0444849394261837,"w":0.9522558450698853},"size":0.08661312609910965,"orthographic":false}