{"cameraMode":{"drawMode":0,"name":"Shaded","section":"Shading Mode"},"sceneLighting":true,"audioPlay":false,"sceneViewState":{"m_AlwaysRefresh":false,"showFog":true,"showSkybox":true,"showFlares":true,"showImageEffects":true,"showParticleSystems":true,"showVisualEffectGraphs":true,"m_FxEnabled":true},"in2DMode":false,"pivot":{"x":-0.9924110770225525,"y":6.713771820068359,"z":14.312871932983399},"rotation":{"x":0.024297960102558137,"y":-0.02644338645040989,"z":0.0006503408658318222,"w":0.9994168877601624},"size":5.860599040985107,"orthographic":false}